{"cameraMode":{"drawMode":0,"name":"Shaded","section":"Shading Mode"},"sceneLighting":true,"audioPlay":false,"sceneViewState":{"showFog":true,"showMaterialUpdate":false,"showSkybox":true,"showFlares":true,"showImageEffects":true,"showParticleSystems":true},"in2DMode":false,"pivot":{"x":-62.21767807006836,"y":3.2771248817443849,"z":-211.6592254638672},"rotation":{"x":0.012932969257235527,"y":0.951235830783844,"z":-0.30555620789527895,"w":0.04026244953274727},"size":11.220690727233887,"orthographic":false}