{"cameraMode":{"drawMode":0,"name":"Shaded","section":"Shading Mode"},"sceneLighting":true,"audioPlay":false,"sceneViewState":{"showFog":true,"showMaterialUpdate":false,"showSkybox":true,"showFlares":true,"showImageEffects":true,"showParticleSystems":true},"in2DMode":false,"pivot":{"x":-1.5623893737792969,"y":-0.996285617351532,"z":15.199999809265137},"rotation":{"x":0.06921964138746262,"y":-0.03142417222261429,"z":0.0021807020530104639,"w":0.9971063733100891},"size":34.80844497680664,"orthographic":false}