{"cameraMode":{"drawMode":0,"name":"Shaded","section":"Shading Mode"},"sceneLighting":true,"audioPlay":false,"sceneViewState":{"showFog":true,"showMaterialUpdate":false,"showSkybox":true,"showFlares":true,"showImageEffects":true,"showParticleSystems":true},"in2DMode":false,"pivot":{"x":250.82034301757813,"y":7.4619460105896,"z":62.0},"rotation":{"x":0.34305205941200259,"y":0.19658072292804719,"z":-0.07365657389163971,"w":0.915558934211731},"size":77.93548583984375,"orthographic":true}